timestamp,label,params_hash,aesthetic,performance,combined,fps_avg,shots,breakdown
1772957239,20260308-000605,48ee47e76c,61.866,100.0,73.306,60.2,"{""fajr"": ""/home/openclaw-agent/.openclaw/workspace/autoresearch-agot/screenshots/1772957166_20260308-000605_fajr_48ee47e76c.png"", ""dhuhr"": ""/home/openclaw-agent/.openclaw/workspace/autoresearch-agot/screenshots/1772957184_20260308-000605_dhuhr_48ee47e76c.png"", ""maghrib"": ""/home/openclaw-agent/.openclaw/workspace/autoresearch-agot/screenshots/1772957203_20260308-000605_maghrib_48ee47e76c.png"", ""isha"": ""/home/openclaw-agent/.openclaw/workspace/autoresearch-agot/screenshots/1772957221_20260308-000605_isha_48ee47e76c.png""}","{""fajr"": {""fps"": 60.114915805905184, ""color_richness"": 77.81591475126119, ""contrast"": 31.788583755493164, ""prismatic"": 100.0, ""edge_luminance"": 15.425533294677734, ""brightness_balance"": 55.579227447509766, ""aesthetic"": 61.462409943632714}, ""dhuhr"": {""fps"": 60.10693056083762, ""color_richness"": 73.30705888173033, ""contrast"": 41.066368103027344, ""prismatic"": 98.49838256835938, ""edge_luminance"": 15.653358459472656, ""brightness_balance"": 66.77851867675781, ""aesthetic"": 63.52941596781474}, ""maghrib"": {""fps"": 60.26102010896314, ""color_richness"": 75.59222914962908, ""contrast"": 30.31255340576172, ""prismatic"": 100.0, ""edge_luminance"": 14.133341789245605, ""brightness_balance"": 54.1275749206543, ""aesthetic"": 60.19970523364579}, ""isha"": {""fps"": 60.31523876170479, ""color_richness"": 74.27005892074628, ""contrast"": 37.293853759765625, ""prismatic"": 100.0, ""edge_luminance"": 19.068008422851562, ""brightness_balance"": 55.90597915649414, ""aesthetic"": 62.27238451460133}}"
1772957348,20260308-000754,be69a9a9eb,60.224,100.0,72.157,60.142,"{""fajr"": ""/home/openclaw-agent/.openclaw/workspace/autoresearch-agot/screenshots/1772957274_20260308-000754_fajr_be69a9a9eb.png"", ""dhuhr"": ""/home/openclaw-agent/.openclaw/workspace/autoresearch-agot/screenshots/1772957293_20260308-000754_dhuhr_be69a9a9eb.png"", ""maghrib"": ""/home/openclaw-agent/.openclaw/workspace/autoresearch-agot/screenshots/1772957312_20260308-000754_maghrib_be69a9a9eb.png"", ""isha"": ""/home/openclaw-agent/.openclaw/workspace/autoresearch-agot/screenshots/1772957330_20260308-000754_isha_be69a9a9eb.png""}","{""fajr"": {""fps"": 60.34082620587429, ""color_richness"": 72.5580408111031, ""contrast"": 26.58197021484375, ""prismatic"": 100.0, ""edge_luminance"": 19.885326385498047, ""brightness_balance"": 52.45490264892578, ""aesthetic"": 59.30693910605746}, ""dhuhr"": {""fps"": 60.0491009225386, ""color_richness"": 73.42489712661073, ""contrast"": 39.19562911987305, ""prismatic"": 100.0, ""edge_luminance"": 21.37381362915039, ""brightness_balance"": 64.39205169677734, ""aesthetic"": 64.06022994027924}, ""maghrib"": {""fps"": 60.15287470849081, ""color_richness"": 72.0288620832519, ""contrast"": 22.54416275024414, ""prismatic"": 100.0, ""edge_luminance"": 18.612468719482422, ""brightness_balance"": 53.227115631103516, ""aesthetic"": 58.29198624797056}, ""isha"": {""fps"": 60.02719464114054, ""color_richness"": 71.58208943688102, ""contrast"": 32.45718002319336, ""prismatic"": 100.0, ""edge_luminance"": 18.393404006958008, ""brightness_balance"": 47.26844024658203, ""aesthetic"": 59.236236120967135}}"
1772957458,20260308-000944,bfdaf05b49,64.648,100.0,75.254,60.278,"{""fajr"": ""/home/openclaw-agent/.openclaw/workspace/autoresearch-agot/screenshots/1772957384_20260308-000944_fajr_bfdaf05b49.png"", ""dhuhr"": ""/home/openclaw-agent/.openclaw/workspace/autoresearch-agot/screenshots/1772957403_20260308-000944_dhuhr_bfdaf05b49.png"", ""maghrib"": ""/home/openclaw-agent/.openclaw/workspace/autoresearch-agot/screenshots/1772957421_20260308-000944_maghrib_bfdaf05b49.png"", ""isha"": ""/home/openclaw-agent/.openclaw/workspace/autoresearch-agot/screenshots/1772957439_20260308-000944_isha_bfdaf05b49.png""}","{""fajr"": {""fps"": 60.26102010944143, ""color_richness"": 86.07097003399703, ""contrast"": 32.991737365722656, ""prismatic"": 100.0, ""edge_luminance"": 31.709787368774414, ""brightness_balance"": 74.7728500366211, ""aesthetic"": 69.08848554774963}, ""dhuhr"": {""fps"": 60.21891738933644, ""color_richness"": 80.45424019813214, ""contrast"": 47.056724548339844, ""prismatic"": 100.0, ""edge_luminance"": 29.778274536132812, ""brightness_balance"": 80.17952728271484, ""aesthetic"": 71.0185761141769}, ""maghrib"": {""fps"": 60.30318174270162, ""color_richness"": 77.11275104330151, ""contrast"": 31.01624870300293, ""prismatic"": 100.0, ""edge_luminance"": 17.761165618896484, ""brightness_balance"": 59.937686920166016, ""aesthetic"": 62.136265346522556}, ""isha"": {""fps"": 60.33082507423292, ""color_richness"": 64.08183426511253, ""contrast"": 32.14305114746094, ""prismatic"": 100.0, ""edge_luminance"": 13.57785415649414, ""brightness_balance"": 45.76525115966797, ""aesthetic"": 56.35053497019402}}"
1772957595,20260308-001201,970c13c914,66.689,100.0,76.682,60.201,"{""fajr"": ""/home/openclaw-agent/.openclaw/workspace/autoresearch-agot/screenshots/1772957522_20260308-001201_fajr_970c13c914.png"", ""dhuhr"": ""/home/openclaw-agent/.openclaw/workspace/autoresearch-agot/screenshots/1772957540_20260308-001201_dhuhr_970c13c914.png"", ""maghrib"": ""/home/openclaw-agent/.openclaw/workspace/autoresearch-agot/screenshots/1772957558_20260308-001201_maghrib_970c13c914.png"", ""isha"": ""/home/openclaw-agent/.openclaw/workspace/autoresearch-agot/screenshots/1772957577_20260308-001201_isha_970c13c914.png""}","{""fajr"": {""fps"": 60.299163807175916, ""color_richness"": 85.64861115329008, ""contrast"": 31.990013122558594, ""prismatic"": 100.0, ""edge_luminance"": 33.81806182861328, ""brightness_balance"": 77.46076965332031, ""aesthetic"": 69.50198150305087}, ""dhuhr"": {""fps"": 60.224928462579314, ""color_richness"": 82.9767663562734, ""contrast"": 46.64698028564453, ""prismatic"": 100.0, ""edge_luminance"": 31.800416946411133, ""brightness_balance"": 82.29135131835938, ""aesthetic"": 72.18735303194421}, ""maghrib"": {""fps"": 60.02520395304103, ""color_richness"": 78.3993916437582, ""contrast"": 27.308347702026367, ""prismatic"": 100.0, ""edge_luminance"": 27.211061477661133, ""brightness_balance"": 73.58599853515625, ""aesthetic"": 65.18107731455454}, ""isha"": {""fps"": 60.255001830714, ""color_richness"": 74.10462680650835, ""contrast"": 31.8001708984375, ""prismatic"": 100.0, ""edge_luminance"": 18.297243118286133, ""brightness_balance"": 48.36484909057617, ""aesthetic"": 59.88550511050493}}"
1772957691,20260308-001337,0396946eb6,66.84,100.0,76.788,60.14,"{""fajr"": ""/home/openclaw-agent/.openclaw/workspace/autoresearch-agot/screenshots/1772957617_20260308-001337_fajr_0396946eb6.png"", ""dhuhr"": ""/home/openclaw-agent/.openclaw/workspace/autoresearch-agot/screenshots/1772957636_20260308-001337_dhuhr_0396946eb6.png"", ""maghrib"": ""/home/openclaw-agent/.openclaw/workspace/autoresearch-agot/screenshots/1772957654_20260308-001337_maghrib_0396946eb6.png"", ""isha"": ""/home/openclaw-agent/.openclaw/workspace/autoresearch-agot/screenshots/1772957672_20260308-001337_isha_0396946eb6.png""}","{""fajr"": {""fps"": 60.275067435291575, ""color_richness"": 85.49046795999156, ""contrast"": 31.886812210083008, ""prismatic"": 100.0, ""edge_luminance"": 34.661922454833984, ""brightness_balance"": 78.29218292236328, ""aesthetic"": 69.69309593596843}, ""dhuhr"": {""fps"": 60.04312489538463, ""color_richness"": 81.50613540183176, ""contrast"": 46.922061920166016, ""prismatic"": 100.0, ""edge_luminance"": 32.49495315551758, ""brightness_balance"": 82.86101531982422, ""aesthetic"": 72.06434181275634}, ""maghrib"": {""fps"": 60.112919296391, ""color_richness"": 78.50842692645297, ""contrast"": 26.986324310302734, ""prismatic"": 100.0, ""edge_luminance"": 27.93631935119629, ""brightness_balance"": 74.34257507324219, ""aesthetic"": 65.36620723255452}, ""isha"": {""fps"": 60.128895090741636, ""color_richness"": 74.70650090232903, ""contrast"": 32.14605712890625, ""prismatic"": 100.0, ""edge_luminance"": 18.68394660949707, ""brightness_balance"": 48.84003448486328, ""aesthetic"": 60.234434377291336}}"
1772957797,20260308-001524,6b8647b4b7,68.727,100.0,78.109,60.122,"{""fajr"": ""/home/openclaw-agent/.openclaw/workspace/autoresearch-agot/screenshots/1772957724_20260308-001524_fajr_6b8647b4b7.png"", ""dhuhr"": ""/home/openclaw-agent/.openclaw/workspace/autoresearch-agot/screenshots/1772957742_20260308-001524_dhuhr_6b8647b4b7.png"", ""maghrib"": ""/home/openclaw-agent/.openclaw/workspace/autoresearch-agot/screenshots/1772957760_20260308-001524_maghrib_6b8647b4b7.png"", ""isha"": ""/home/openclaw-agent/.openclaw/workspace/autoresearch-agot/screenshots/1772957779_20260308-001524_isha_6b8647b4b7.png""}","{""fajr"": {""fps"": 60.027194640665954, ""color_richness"": 88.20745969588366, ""contrast"": 37.4911994934082, ""prismatic"": 100.0, ""edge_luminance"": 30.83736801147461, ""brightness_balance"": 85.55987548828125, ""aesthetic"": 72.00969128503105}, ""dhuhr"": {""fps"": 60.18087511661036, ""color_richness"": 78.55543606339386, ""contrast"": 50.24785232543945, ""prismatic"": 100.0, ""edge_luminance"": 28.85700798034668, ""brightness_balance"": 87.47330474853516, ""aesthetic"": 72.13797671809418}, ""maghrib"": {""fps"": 60.24497403831651, ""color_richness"": 82.74469336480543, ""contrast"": 32.71720886230469, ""prismatic"": 100.0, ""edge_luminance"": 24.36317253112793, ""brightness_balance"": 81.45703125, ""aesthetic"": 68.10264614872794}, ""isha"": {""fps"": 60.035158711731704, ""color_richness"": 73.21959590685005, ""contrast"": 39.08538818359375, ""prismatic"": 100.0, ""edge_luminance"": 17.144201278686523, ""brightness_balance"": 59.769405364990234, ""aesthetic"": 62.65901794227867}}"
1772957873,20260308-001639,6ab21f70b5,67.058,100.0,76.941,60.286,"{""fajr"": ""/home/openclaw-agent/.openclaw/workspace/autoresearch-agot/screenshots/1772957799_20260308-001639_fajr_6ab21f70b5.png"", ""dhuhr"": ""/home/openclaw-agent/.openclaw/workspace/autoresearch-agot/screenshots/1772957818_20260308-001639_dhuhr_6ab21f70b5.png"", ""maghrib"": ""/home/openclaw-agent/.openclaw/workspace/autoresearch-agot/screenshots/1772957836_20260308-001639_maghrib_6ab21f70b5.png"", ""isha"": ""/home/openclaw-agent/.openclaw/workspace/autoresearch-agot/screenshots/1772957855_20260308-001639_isha_6ab21f70b5.png""}","{""fajr"": {""fps"": 60.281089722480026, ""color_richness"": 87.76599518197446, ""contrast"": 37.15224075317383, ""prismatic"": 100.0, ""edge_luminance"": 26.685745239257812, ""brightness_balance"": 80.00650024414062, ""aesthetic"": 70.37578386996603}, ""dhuhr"": {""fps"": 60.299163807415404, ""color_richness"": 78.14586304480373, ""contrast"": 47.354515075683594, ""prismatic"": 100.0, ""edge_luminance"": 24.915767669677734, ""brightness_balance"": 83.079345703125, ""aesthetic"": 70.20663654519753}, ""maghrib"": {""fps"": 60.24096385518269, ""color_richness"": 81.601888794821, ""contrast"": 33.64830780029297, ""prismatic"": 100.0, ""edge_luminance"": 20.828001022338867, ""brightness_balance"": 74.61016082763672, ""aesthetic"": 66.44585880366998}, ""isha"": {""fps"": 60.32327945294507, ""color_richness"": 70.27338937398767, ""contrast"": 37.36726379394531, ""prismatic"": 100.0, ""edge_luminance"": 16.302928924560547, ""brightness_balance"": 58.10704803466797, ""aesthetic"": 61.20329734056437}}"
1772957949,20260308-001755,a5e7e20cf0,68.298,100.0,77.809,60.208,"{""fajr"": ""/home/openclaw-agent/.openclaw/workspace/autoresearch-agot/screenshots/1772957875_20260308-001755_fajr_a5e7e20cf0.png"", ""dhuhr"": ""/home/openclaw-agent/.openclaw/workspace/autoresearch-agot/screenshots/1772957894_20260308-001755_dhuhr_a5e7e20cf0.png"", ""maghrib"": ""/home/openclaw-agent/.openclaw/workspace/autoresearch-agot/screenshots/1772957912_20260308-001755_maghrib_a5e7e20cf0.png"", ""isha"": ""/home/openclaw-agent/.openclaw/workspace/autoresearch-agot/screenshots/1772957931_20260308-001755_isha_a5e7e20cf0.png""}","{""fajr"": {""fps"": 60.02719464042862, ""color_richness"": 88.40931484094888, ""contrast"": 37.86381149291992, ""prismatic"": 100.0, ""edge_luminance"": 29.611209869384766, ""brightness_balance"": 84.00428009033203, ""aesthetic"": 71.71741532532282}, ""dhuhr"": {""fps"": 60.285105248894695, ""color_richness"": 78.00720850328648, ""contrast"": 50.17266082763672, ""prismatic"": 100.0, ""edge_luminance"": 27.792049407958984, ""brightness_balance"": 86.70149230957031, ""aesthetic"": 71.71036767388395}, ""maghrib"": {""fps"": 60.32327945438307, ""color_richness"": 82.42193546705231, ""contrast"": 33.45333480834961, ""prismatic"": 100.0, ""edge_luminance"": 23.300640106201172, ""brightness_balance"": 79.69554901123047, ""aesthetic"": 67.74558036727902}, ""isha"": {""fps"": 60.19488509713156, ""color_richness"": 71.74168472079067, ""contrast"": 38.97636795043945, ""prismatic"": 100.0, ""edge_luminance"": 16.666412353515625, ""brightness_balance"": 58.59953308105469, ""aesthetic"": 62.02058647967286}}"
1772958025,20260308-001911,eac1067bfc,69.911,100.0,78.938,60.119,"{""fajr"": ""/home/openclaw-agent/.openclaw/workspace/autoresearch-agot/screenshots/1772957951_20260308-001911_fajr_eac1067bfc.png"", ""dhuhr"": ""/home/openclaw-agent/.openclaw/workspace/autoresearch-agot/screenshots/1772957970_20260308-001911_dhuhr_eac1067bfc.png"", ""maghrib"": ""/home/openclaw-agent/.openclaw/workspace/autoresearch-agot/screenshots/1772957988_20260308-001911_maghrib_eac1067bfc.png"", ""isha"": ""/home/openclaw-agent/.openclaw/workspace/autoresearch-agot/screenshots/1772958006_20260308-001911_isha_eac1067bfc.png""}","{""fajr"": {""fps"": 60.331322289017315, ""color_richness"": 88.13980697878637, ""contrast"": 36.38563919067383, ""prismatic"": 100.0, ""edge_luminance"": 35.32721710205078, ""brightness_balance"": 90.05400848388672, ""aesthetic"": 73.11926491381833}, ""dhuhr"": {""fps"": 60.029185459622326, ""color_richness"": 76.8189648715094, ""contrast"": 52.515018463134766, ""prismatic"": 100.0, ""edge_luminance"": 33.07014465332031, ""brightness_balance"": 90.76933288574219, ""aesthetic"": 73.2836677364368}, ""maghrib"": {""fps"": 60.078998905112506, ""color_richness"": 82.63668602689151, ""contrast"": 30.46847915649414, ""prismatic"": 100.0, ""edge_luminance"": 28.888809204101562, ""brightness_balance"": 86.95586395263672, ""aesthetic"": 69.12956880029053}, ""isha"": {""fps"": 60.03715005946806, ""color_richness"": 75.27181573103312, ""contrast"": 40.98112106323242, ""prismatic"": 100.0, ""edge_luminance"": 18.679332733154297, ""brightness_balance"": 61.967979431152344, ""aesthetic"": 64.11127651083083}}"
1772958101,20260308-002027,c0193ba66f,70.265,100.0,79.186,60.081,"{""fajr"": ""/home/openclaw-agent/.openclaw/workspace/autoresearch-agot/screenshots/1772958027_20260308-002027_fajr_c0193ba66f.png"", ""dhuhr"": ""/home/openclaw-agent/.openclaw/workspace/autoresearch-agot/screenshots/1772958045_20260308-002027_dhuhr_c0193ba66f.png"", ""maghrib"": ""/home/openclaw-agent/.openclaw/workspace/autoresearch-agot/screenshots/1772958064_20260308-002027_maghrib_c0193ba66f.png"", ""isha"": ""/home/openclaw-agent/.openclaw/workspace/autoresearch-agot/screenshots/1772958082_20260308-002027_isha_c0193ba66f.png""}","{""fajr"": {""fps"": 60.033167496091444, ""color_richness"": 86.81954692725719, ""contrast"": 35.83293151855469, ""prismatic"": 100.0, ""edge_luminance"": 35.93598175048828, ""brightness_balance"": 91.67652893066406, ""aesthetic"": 73.01335136325255}, ""dhuhr"": {""fps"": 60.13289036449591, ""color_richness"": 77.67774784390785, ""contrast"": 51.71506881713867, ""prismatic"": 100.0, ""edge_luminance"": 33.616844177246094, ""brightness_balance"": 92.09767150878906, ""aesthetic"": 73.61962875680292}, ""maghrib"": {""fps"": 60.130892661135256, ""color_richness"": 82.40574509336881, ""contrast"": 30.258087158203125, ""prismatic"": 100.0, ""edge_luminance"": 29.37306785583496, ""brightness_balance"": 88.61309814453125, ""aesthetic"": 69.35097962725742}, ""isha"": {""fps"": 60.02719464019129, ""color_richness"": 78.72822964598572, ""contrast"": 39.903831481933594, ""prismatic"": 100.0, ""edge_luminance"": 19.253402709960938, ""brightness_balance"": 63.509666442871094, ""aesthetic"": 65.07728437436083}}"
1772958177,20260308-002143,d440524130,71.079,100.0,79.755,60.183,"{""fajr"": ""/home/openclaw-agent/.openclaw/workspace/autoresearch-agot/screenshots/1772958103_20260308-002143_fajr_d440524130.png"", ""dhuhr"": ""/home/openclaw-agent/.openclaw/workspace/autoresearch-agot/screenshots/1772958121_20260308-002143_dhuhr_d440524130.png"", ""maghrib"": ""/home/openclaw-agent/.openclaw/workspace/autoresearch-agot/screenshots/1772958140_20260308-002143_maghrib_d440524130.png"", ""isha"": ""/home/openclaw-agent/.openclaw/workspace/autoresearch-agot/screenshots/1772958158_20260308-002143_isha_d440524130.png""}","{""fajr"": {""fps"": 60.242968879774274, ""color_richness"": 86.88303084362809, ""contrast"": 33.96085739135742, ""prismatic"": 100.0, ""edge_luminance"": 39.61009979248047, ""brightness_balance"": 95.34964752197266, ""aesthetic"": 73.75689223704056}, ""dhuhr"": {""fps"": 60.039141539313576, ""color_richness"": 79.47537607272733, ""contrast"": 52.03807830810547, ""prismatic"": 100.0, ""edge_luminance"": 37.27879333496094, ""brightness_balance"": 95.40325164794922, ""aesthetic"": 75.17876775642303}, ""maghrib"": {""fps"": 60.20489622163307, ""color_richness"": 81.34556653946076, ""contrast"": 27.637285232543945, ""prismatic"": 100.0, ""edge_luminance"": 33.37862777709961, ""brightness_balance"": 92.72508239746094, ""aesthetic"": 69.77940634600678}, ""isha"": {""fps"": 60.244974037838475, ""color_richness"": 78.05645855645051, ""contrast"": 40.120033264160156, ""prismatic"": 100.0, ""edge_luminance"": 20.80384635925293, ""brightness_balance"": 66.28746032714844, ""aesthetic"": 65.60181756163566}}"
1772958252,20260308-002259,16e068c20a,70.973,100.0,79.681,60.227,"{""fajr"": ""/home/openclaw-agent/.openclaw/workspace/autoresearch-agot/screenshots/1772958179_20260308-002259_fajr_16e068c20a.png"", ""dhuhr"": ""/home/openclaw-agent/.openclaw/workspace/autoresearch-agot/screenshots/1772958197_20260308-002259_dhuhr_16e068c20a.png"", ""maghrib"": ""/home/openclaw-agent/.openclaw/workspace/autoresearch-agot/screenshots/1772958216_20260308-002259_maghrib_16e068c20a.png"", ""isha"": ""/home/openclaw-agent/.openclaw/workspace/autoresearch-agot/screenshots/1772958234_20260308-002259_isha_16e068c20a.png""}","{""fajr"": {""fps"": 60.33482512798323, ""color_richness"": 87.29982491667059, ""contrast"": 32.855445861816406, ""prismatic"": 100.0, ""edge_luminance"": 41.12453079223633, ""brightness_balance"": 96.75944519042969, ""aesthetic"": 74.07864286585396}, ""dhuhr"": {""fps"": 60.27306027353883, ""color_richness"": 74.49653896528122, ""contrast"": 51.75717544555664, ""prismatic"": 100.0, ""edge_luminance"": 39.006324768066406, ""brightness_balance"": 96.57928466796875, ""aesthetic"": 74.3134114961764}, ""maghrib"": {""fps"": 60.04511677234888, ""color_richness"": 80.75478227051536, ""contrast"": 26.306730270385742, ""prismatic"": 100.0, ""edge_luminance"": 35.249366760253906, ""brightness_balance"": 94.03990173339844, ""aesthetic"": 69.84343342759321}, ""isha"": {""fps"": 60.2550018311922, ""color_richness"": 76.56917545655232, ""contrast"": 40.28618240356445, ""prismatic"": 100.0, ""edge_luminance"": 21.78030014038086, ""brightness_balance"": 67.92601776123047, ""aesthetic"": 65.65547951424833}}"
1772958328,20260308-002415,9c46ff521b,71.239,100.0,79.867,60.188,"{""fajr"": ""/home/openclaw-agent/.openclaw/workspace/autoresearch-agot/screenshots/1772958255_20260308-002415_fajr_9c46ff521b.png"", ""dhuhr"": ""/home/openclaw-agent/.openclaw/workspace/autoresearch-agot/screenshots/1772958273_20260308-002415_dhuhr_9c46ff521b.png"", ""maghrib"": ""/home/openclaw-agent/.openclaw/workspace/autoresearch-agot/screenshots/1772958292_20260308-002415_maghrib_9c46ff521b.png"", ""isha"": ""/home/openclaw-agent/.openclaw/workspace/autoresearch-agot/screenshots/1772958310_20260308-002415_isha_9c46ff521b.png""}","{""fajr"": {""fps"": 60.1109229178208, ""color_richness"": 86.78474332825026, ""contrast"": 32.93266677856445, ""prismatic"": 100.0, ""edge_luminance"": 41.22512435913086, ""brightness_balance"": 96.86454010009766, ""aesthetic"": 73.99616888646206}, ""dhuhr"": {""fps"": 60.28309741857829, ""color_richness"": 79.32902323834702, ""contrast"": 52.0274658203125, ""prismatic"": 100.0, ""edge_luminance"": 39.05351638793945, ""brightness_balance"": 96.5140609741211, ""aesthetic"": 75.57288606373619}, ""maghrib"": {""fps"": 60.029185459384976, ""color_richness"": 80.35585007323556, ""contrast"": 26.389402389526367, ""prismatic"": 100.0, ""edge_luminance"": 35.40248107910156, ""brightness_balance"": 94.26985168457031, ""aesthetic"": 69.8176932117684}, ""isha"": {""fps"": 60.32730060399208, ""color_richness"": 76.75684652312358, ""contrast"": 40.240875244140625, ""prismatic"": 100.0, ""edge_luminance"": 21.703874588012695, ""brightness_balance"": 67.1788330078125, ""aesthetic"": 65.56979371007223}}"
1772958404,20260308-002530,aeedc0086b,70.675,100.0,79.473,60.149,"{""fajr"": ""/home/openclaw-agent/.openclaw/workspace/autoresearch-agot/screenshots/1772958331_20260308-002530_fajr_aeedc0086b.png"", ""dhuhr"": ""/home/openclaw-agent/.openclaw/workspace/autoresearch-agot/screenshots/1772958349_20260308-002530_dhuhr_aeedc0086b.png"", ""maghrib"": ""/home/openclaw-agent/.openclaw/workspace/autoresearch-agot/screenshots/1772958368_20260308-002530_maghrib_aeedc0086b.png"", ""isha"": ""/home/openclaw-agent/.openclaw/workspace/autoresearch-agot/screenshots/1772958386_20260308-002530_isha_aeedc0086b.png""}","{""fajr"": {""fps"": 60.03316749537931, ""color_richness"": 86.7295425161921, ""contrast"": 34.71168518066406, ""prismatic"": 100.0, ""edge_luminance"": 37.71620559692383, ""brightness_balance"": 93.4053955078125, ""aesthetic"": 73.29296310805289}, ""dhuhr"": {""fps"": 60.03316749537931, ""color_richness"": 79.60730715962517, ""contrast"": 51.07350158691406, ""prismatic"": 100.0, ""edge_luminance"": 35.389469146728516, ""brightness_balance"": 93.55718231201172, ""aesthetic"": 74.45852476947572}, ""maghrib"": {""fps"": 60.32931137924137, ""color_richness"": 82.18373566445898, ""contrast"": 28.967792510986328, ""prismatic"": 100.0, ""edge_luminance"": 31.357166290283203, ""brightness_balance"": 90.70475006103516, ""aesthetic"": 69.64878119423288}, ""isha"": {""fps"": 60.1988891485251, ""color_richness"": 79.86403903623197, ""contrast"": 39.17683792114258, ""prismatic"": 100.0, ""edge_luminance"": 19.699270248413086, ""brightness_balance"": 63.632713317871094, ""aesthetic"": 65.30117535655641}}"
1772958480,20260308-002646,cbc6f75139,71.382,100.0,79.968,60.164,"{""fajr"": ""/home/openclaw-agent/.openclaw/workspace/autoresearch-agot/screenshots/1772958406_20260308-002646_fajr_cbc6f75139.png"", ""dhuhr"": ""/home/openclaw-agent/.openclaw/workspace/autoresearch-agot/screenshots/1772958425_20260308-002646_dhuhr_cbc6f75139.png"", ""maghrib"": ""/home/openclaw-agent/.openclaw/workspace/autoresearch-agot/screenshots/1772958443_20260308-002646_maghrib_cbc6f75139.png"", ""isha"": ""/home/openclaw-agent/.openclaw/workspace/autoresearch-agot/screenshots/1772958462_20260308-002646_isha_cbc6f75139.png""}","{""fajr"": {""fps"": 60.331322289496725, ""color_richness"": 86.54299702312771, ""contrast"": 33.34547424316406, ""prismatic"": 100.0, ""edge_luminance"": 40.91776657104492, ""brightness_balance"": 96.34150695800781, ""aesthetic"": 73.89373599505977}, ""dhuhr"": {""fps"": 60.263026470076085, ""color_richness"": 78.20366614249005, ""contrast"": 52.60403823852539, ""prismatic"": 100.0, ""edge_luminance"": 38.66108322143555, ""brightness_balance"": 95.98116302490234, ""aesthetic"": 75.26806255973044}, ""maghrib"": {""fps"": 60.03117641182197, ""color_richness"": 80.56243778278275, ""contrast"": 26.7017879486084, ""prismatic"": 100.0, ""edge_luminance"": 34.83903503417969, ""brightness_balance"": 93.5303955078125, ""aesthetic"": 69.73638192069988}, ""isha"": {""fps"": 60.03117641182197, ""color_richness"": 80.71351078124152, ""contrast"": 40.678985595703125, ""prismatic"": 100.0, ""edge_luminance"": 21.69978141784668, ""brightness_balance"": 67.08045196533203, ""aesthetic"": 66.63121103488233}}"
1772958556,20260308-002802,6507c1e529,71.115,100.0,79.781,60.172,"{""fajr"": ""/home/openclaw-agent/.openclaw/workspace/autoresearch-agot/screenshots/1772958482_20260308-002802_fajr_6507c1e529.png"", ""dhuhr"": ""/home/openclaw-agent/.openclaw/workspace/autoresearch-agot/screenshots/1772958501_20260308-002802_dhuhr_6507c1e529.png"", ""maghrib"": ""/home/openclaw-agent/.openclaw/workspace/autoresearch-agot/screenshots/1772958519_20260308-002802_maghrib_6507c1e529.png"", ""isha"": ""/home/openclaw-agent/.openclaw/workspace/autoresearch-agot/screenshots/1772958538_20260308-002802_isha_6507c1e529.png""}","{""fajr"": {""fps"": 60.07301692593817, ""color_richness"": 86.4642804244576, ""contrast"": 34.093345642089844, ""prismatic"": 100.0, ""edge_luminance"": 39.65654373168945, ""brightness_balance"": 95.04620361328125, ""aesthetic"": 73.64015294560338}, ""dhuhr"": {""fps"": 60.285105248415945, ""color_richness"": 77.7848570701731, ""contrast"": 52.304290771484375, ""prismatic"": 100.0, ""edge_luminance"": 37.328346252441406, ""brightness_balance"": 94.99763488769531, ""aesthetic"": 74.75597223036618}, ""maghrib"": {""fps"": 60.196887056245075, ""color_richness"": 81.06594621833179, ""contrast"": 27.6612548828125, ""prismatic"": 100.0, ""edge_luminance"": 33.40938949584961, ""brightness_balance"": 92.24443817138672, ""aesthetic"": 69.6468131981691}, ""isha"": {""fps"": 60.13289036616293, ""color_richness"": 81.19609154432086, ""contrast"": 40.73747634887695, ""prismatic"": 100.0, ""edge_luminance"": 20.794384002685547, ""brightness_balance"": 65.67977905273438, ""aesthetic"": 66.41764348290629}}"
1772958632,20260308-002918,3cb8d2b106,71.35,100.0,79.945,60.137,"{""fajr"": ""/home/openclaw-agent/.openclaw/workspace/autoresearch-agot/screenshots/1772958558_20260308-002918_fajr_3cb8d2b106.png"", ""dhuhr"": ""/home/openclaw-agent/.openclaw/workspace/autoresearch-agot/screenshots/1772958577_20260308-002918_dhuhr_3cb8d2b106.png"", ""maghrib"": ""/home/openclaw-agent/.openclaw/workspace/autoresearch-agot/screenshots/1772958595_20260308-002918_maghrib_3cb8d2b106.png"", ""isha"": ""/home/openclaw-agent/.openclaw/workspace/autoresearch-agot/screenshots/1772958613_20260308-002918_isha_3cb8d2b106.png""}","{""fajr"": {""fps"": 60.03914154002578, ""color_richness"": 86.49259817713443, ""contrast"": 33.67870330810547, ""prismatic"": 100.0, ""edge_luminance"": 40.51749801635742, ""brightness_balance"": 95.85616302490234, ""aesthetic"": 73.81494048266099}, ""dhuhr"": {""fps"": 60.16287186376982, ""color_richness"": 77.44279733847009, ""contrast"": 52.87901306152344, ""prismatic"": 100.0, ""edge_luminance"": 38.067325592041016, ""brightness_balance"": 95.60279846191406, ""aesthetic"": 74.98702129113283}, ""maghrib"": {""fps"": 60.02918546080898, ""color_richness"": 80.77545010255542, ""contrast"": 27.16287612915039, ""prismatic"": 100.0, ""edge_luminance"": 34.40288162231445, ""brightness_balance"": 93.04187774658203, ""aesthetic"": 69.74315343600206}, ""isha"": {""fps"": 60.317248733671036, ""color_richness"": 81.6208348448306, ""contrast"": 41.29713821411133, ""prismatic"": 100.0, ""edge_luminance"": 21.352750778198242, ""brightness_balance"": 66.57456970214844, ""aesthetic"": 66.85373561519458}}"
1772958708,20260308-003034,7abfc2ebac,71.305,100.0,79.913,60.109,"{""fajr"": ""/home/openclaw-agent/.openclaw/workspace/autoresearch-agot/screenshots/1772958634_20260308-003034_fajr_7abfc2ebac.png"", ""dhuhr"": ""/home/openclaw-agent/.openclaw/workspace/autoresearch-agot/screenshots/1772958653_20260308-003034_dhuhr_7abfc2ebac.png"", ""maghrib"": ""/home/openclaw-agent/.openclaw/workspace/autoresearch-agot/screenshots/1772958671_20260308-003034_maghrib_7abfc2ebac.png"", ""isha"": ""/home/openclaw-agent/.openclaw/workspace/autoresearch-agot/screenshots/1772958689_20260308-003034_isha_7abfc2ebac.png""}","{""fajr"": {""fps"": 60.14687801197419, ""color_richness"": 86.65516945212663, ""contrast"": 33.66167068481445, ""prismatic"": 100.0, ""edge_luminance"": 40.409278869628906, ""brightness_balance"": 95.98706817626953, ""aesthetic"": 73.85557994864777}, ""dhuhr"": {""fps"": 60.15087567615955, ""color_richness"": 79.29092557158164, ""contrast"": 52.43318176269531, ""prismatic"": 100.0, ""edge_luminance"": 38.08958435058594, ""brightness_balance"": 95.84075164794922, ""aesthetic"": 75.39891839257402}, ""maghrib"": {""fps"": 60.03316749537931, ""color_richness"": 80.78749395304673, ""contrast"": 27.11922264099121, ""prismatic"": 100.0, ""edge_luminance"": 34.4196662902832, ""brightness_balance"": 93.27879333496094, ""aesthetic"": 69.77548727615115}, ""isha"": {""fps"": 60.1069305615515, ""color_richness"": 79.22033530579775, ""contrast"": 40.69917297363281, ""prismatic"": 100.0, ""edge_luminance"": 21.42928123474121, ""brightness_balance"": 66.85880279541016, ""aesthetic"": 66.18813204791836}}"
1772958784,20260308-003150,57b1f592af,70.969,100.0,79.679,60.214,"{""fajr"": ""/home/openclaw-agent/.openclaw/workspace/autoresearch-agot/screenshots/1772958710_20260308-003150_fajr_57b1f592af.png"", ""dhuhr"": ""/home/openclaw-agent/.openclaw/workspace/autoresearch-agot/screenshots/1772958728_20260308-003150_dhuhr_57b1f592af.png"", ""maghrib"": ""/home/openclaw-agent/.openclaw/workspace/autoresearch-agot/screenshots/1772958747_20260308-003150_maghrib_57b1f592af.png"", ""isha"": ""/home/openclaw-agent/.openclaw/workspace/autoresearch-agot/screenshots/1772958765_20260308-003150_isha_57b1f592af.png""}","{""fajr"": {""fps"": 60.3308250739945, ""color_richness"": 86.75774801359893, ""contrast"": 34.00551986694336, ""prismatic"": 100.0, ""edge_luminance"": 39.54180145263672, ""brightness_balance"": 95.04671478271484, ""aesthetic"": 73.67881913628757}, ""dhuhr"": {""fps"": 60.27908216010785, ""color_richness"": 79.22795114634515, ""contrast"": 52.065711975097656, ""prismatic"": 100.0, ""edge_luminance"": 37.17042541503906, ""brightness_balance"": 95.10237884521484, ""aesthetic"": 75.0610526594472}, ""maghrib"": {""fps"": 60.02918546057164, ""color_richness"": 81.12187194753402, ""contrast"": 27.658647537231445, ""prismatic"": 100.0, ""edge_luminance"": 33.31429672241211, ""brightness_balance"": 92.17503356933594, ""aesthetic"": 69.63559751194892}, ""isha"": {""fps"": 60.216913966331774, ""color_richness"": 77.95345376468431, ""contrast"": 40.12392044067383, ""prismatic"": 100.0, ""edge_luminance"": 20.82763671875, ""brightness_balance"": 65.76498413085938, ""aesthetic"": 65.5020416789669}}"
1772958859,20260308-003306,a685398261,71.267,100.0,79.887,60.257,"{""fajr"": ""/home/openclaw-agent/.openclaw/workspace/autoresearch-agot/screenshots/1772958786_20260308-003306_fajr_a685398261.png"", ""dhuhr"": ""/home/openclaw-agent/.openclaw/workspace/autoresearch-agot/screenshots/1772958804_20260308-003306_dhuhr_a685398261.png"", ""maghrib"": ""/home/openclaw-agent/.openclaw/workspace/autoresearch-agot/screenshots/1772958823_20260308-003306_maghrib_a685398261.png"", ""isha"": ""/home/openclaw-agent/.openclaw/workspace/autoresearch-agot/screenshots/1772958841_20260308-003306_isha_a685398261.png""}","{""fajr"": {""fps"": 60.285105248894695, ""color_richness"": 86.6013417096703, ""contrast"": 33.327903747558594, ""prismatic"": 100.0, ""edge_luminance"": 40.781394958496094, ""brightness_balance"": 96.18414306640625, ""aesthetic"": 73.86074722935182}, ""dhuhr"": {""fps"": 60.319258839604075, ""color_richness"": 78.65216731055868, ""contrast"": 52.34894561767578, ""prismatic"": 100.0, ""edge_luminance"": 38.54835891723633, ""brightness_balance"": 95.93783569335938, ""aesthetic"": 75.30576139446173}, ""maghrib"": {""fps"": 60.28510524985212, ""color_richness"": 80.64316146947601, ""contrast"": 26.738325119018555, ""prismatic"": 100.0, ""edge_luminance"": 34.773399353027344, ""brightness_balance"": 93.43949890136719, ""aesthetic"": 69.74039023960049}, ""isha"": {""fps"": 60.1368861725532, ""color_richness"": 79.10795411172883, ""contrast"": 40.6754150390625, ""prismatic"": 100.0, ""edge_luminance"": 21.476619720458984, ""brightness_balance"": 66.84943389892578, ""aesthetic"": 66.16097924784664}}"
1772958935,20260308-003421,ddbf7fce64,71.398,100.0,79.979,60.22,"{""fajr"": ""/home/openclaw-agent/.openclaw/workspace/autoresearch-agot/screenshots/1772958862_20260308-003421_fajr_ddbf7fce64.png"", ""dhuhr"": ""/home/openclaw-agent/.openclaw/workspace/autoresearch-agot/screenshots/1772958880_20260308-003421_dhuhr_ddbf7fce64.png"", ""maghrib"": ""/home/openclaw-agent/.openclaw/workspace/autoresearch-agot/screenshots/1772958898_20260308-003421_maghrib_ddbf7fce64.png"", ""isha"": ""/home/openclaw-agent/.openclaw/workspace/autoresearch-agot/screenshots/1772958917_20260308-003421_isha_ddbf7fce64.png""}","{""fajr"": {""fps"": 60.33333333309358, ""color_richness"": 86.28457220184875, ""contrast"": 33.31180953979492, ""prismatic"": 100.0, ""edge_luminance"": 40.92953109741211, ""brightness_balance"": 96.2752914428711, ""aesthetic"": 73.8142301186623}, ""dhuhr"": {""fps"": 60.114915805905184, ""color_richness"": 77.31997231569677, ""contrast"": 52.75244903564453, ""prismatic"": 100.0, ""edge_luminance"": 38.73160171508789, ""brightness_balance"": 95.90655517578125, ""aesthetic"": 75.0762060531149}, ""maghrib"": {""fps"": 60.18287614345302, ""color_richness"": 80.51961294454395, ""contrast"": 26.65624237060547, ""prismatic"": 100.0, ""edge_luminance"": 34.984840393066406, ""brightness_balance"": 93.61807250976562, ""aesthetic"": 69.75158920298531}, ""isha"": {""fps"": 60.24898475395958, ""color_richness"": 81.96677704695355, ""contrast"": 40.88119125366211, ""prismatic"": 100.0, ""edge_luminance"": 21.64860725402832, ""brightness_balance"": 66.90230560302734, ""aesthetic"": 66.95057002217445}}"
1772959011,20260308-003537,ddfb7ab72a,71.286,100.0,79.9,60.205,"{""fajr"": ""/home/openclaw-agent/.openclaw/workspace/autoresearch-agot/screenshots/1772958937_20260308-003537_fajr_ddfb7ab72a.png"", ""dhuhr"": ""/home/openclaw-agent/.openclaw/workspace/autoresearch-agot/screenshots/1772958956_20260308-003537_dhuhr_ddfb7ab72a.png"", ""maghrib"": ""/home/openclaw-agent/.openclaw/workspace/autoresearch-agot/screenshots/1772958974_20260308-003537_maghrib_ddfb7ab72a.png"", ""isha"": ""/home/openclaw-agent/.openclaw/workspace/autoresearch-agot/screenshots/1772958993_20260308-003537_isha_ddfb7ab72a.png""}","{""fajr"": {""fps"": 60.05707080738074, ""color_richness"": 86.51430826853819, ""contrast"": 33.680484771728516, ""prismatic"": 100.0, ""edge_luminance"": 40.42922592163086, ""brightness_balance"": 95.6843032836914, ""aesthetic"": 73.78170433509128}, ""dhuhr"": {""fps"": 60.22292463816337, ""color_richness"": 77.12987785227409, ""contrast"": 52.743412017822266, ""prismatic"": 100.0, ""edge_luminance"": 37.9310417175293, ""brightness_balance"": 95.41829681396484, ""aesthetic"": 74.8335539666}, ""maghrib"": {""fps"": 60.23695420588581, ""color_richness"": 80.87644361718442, ""contrast"": 27.20964241027832, ""prismatic"": 100.0, ""edge_luminance"": 34.284366607666016, ""brightness_balance"": 92.9061508178711, ""aesthetic"": 69.73961724158116}, ""isha"": {""fps"": 60.30117270717065, ""color_richness"": 81.59580458853823, ""contrast"": 41.20465850830078, ""prismatic"": 100.0, ""edge_luminance"": 21.256227493286133, ""brightness_balance"": 66.40421295166016, ""aesthetic"": 66.78894889765526}}"
1772959087,20260308-003653,e30ef2d3a3,71.296,100.0,79.907,60.259,"{""fajr"": ""/home/openclaw-agent/.openclaw/workspace/autoresearch-agot/screenshots/1772959013_20260308-003653_fajr_e30ef2d3a3.png"", ""dhuhr"": ""/home/openclaw-agent/.openclaw/workspace/autoresearch-agot/screenshots/1772959032_20260308-003653_dhuhr_e30ef2d3a3.png"", ""maghrib"": ""/home/openclaw-agent/.openclaw/workspace/autoresearch-agot/screenshots/1772959050_20260308-003653_maghrib_e30ef2d3a3.png"", ""isha"": ""/home/openclaw-agent/.openclaw/workspace/autoresearch-agot/screenshots/1772959068_20260308-003653_isha_e30ef2d3a3.png""}","{""fajr"": {""fps"": 60.14288087722213, ""color_richness"": 86.20981546634695, ""contrast"": 33.33214569091797, ""prismatic"": 100.0, ""edge_luminance"": 40.95376968383789, ""brightness_balance"": 96.22058868408203, ""aesthetic"": 73.79503802059656}, ""dhuhr"": {""fps"": 60.321269079757045, ""color_richness"": 76.11709948346595, ""contrast"": 52.95108413696289, ""prismatic"": 100.0, ""edge_luminance"": 38.76708984375, ""brightness_balance"": 95.76441192626953, ""aesthetic"": 74.79921868931646}, ""maghrib"": {""fps"": 60.234949581631945, ""color_richness"": 80.5636756907955, ""contrast"": 26.650009155273438, ""prismatic"": 100.0, ""edge_luminance"": 34.831214904785156, ""brightness_balance"": 93.4268798828125, ""aesthetic"": 69.70963573185244}, ""isha"": {""fps"": 60.33882571362266, ""color_richness"": 81.52232257111272, ""contrast"": 41.1505012512207, ""prismatic"": 100.0, ""edge_luminance"": 21.647626876831055, ""brightness_balance"": 66.80757904052734, ""aesthetic"": 66.87896310682943}}"
1772959163,20260308-003809,494c8d0ebd,71.379,100.0,79.965,60.155,"{""fajr"": ""/home/openclaw-agent/.openclaw/workspace/autoresearch-agot/screenshots/1772959089_20260308-003809_fajr_494c8d0ebd.png"", ""dhuhr"": ""/home/openclaw-agent/.openclaw/workspace/autoresearch-agot/screenshots/1772959107_20260308-003809_dhuhr_494c8d0ebd.png"", ""maghrib"": ""/home/openclaw-agent/.openclaw/workspace/autoresearch-agot/screenshots/1772959126_20260308-003809_maghrib_494c8d0ebd.png"", ""isha"": ""/home/openclaw-agent/.openclaw/workspace/autoresearch-agot/screenshots/1772959144_20260308-003809_isha_494c8d0ebd.png""}","{""fajr"": {""fps"": 60.03117641300871, ""color_richness"": 86.3405746989718, ""contrast"": 33.47978210449219, ""prismatic"": 100.0, ""edge_luminance"": 40.71781921386719, ""brightness_balance"": 96.17239379882812, ""aesthetic"": 73.81463231576659}, ""dhuhr"": {""fps"": 60.132890364734074, ""color_richness"": 77.73713912046738, ""contrast"": 52.65849304199219, ""prismatic"": 100.0, ""edge_luminance"": 38.4448127746582, ""brightness_balance"": 95.7798080444336, ""aesthetic"": 75.09967683622436}, ""maghrib"": {""fps"": 60.25700778965421, ""color_richness"": 80.51965787982044, ""contrast"": 26.906787872314453, ""prismatic"": 100.0, ""edge_luminance"": 34.54937744140625, ""brightness_balance"": 93.39077758789062, ""aesthetic"": 69.7022962197043}, ""isha"": {""fps"": 60.198889147809105, ""color_richness"": 81.90501483772977, ""contrast"": 40.79428482055664, ""prismatic"": 100.0, ""edge_luminance"": 21.568561553955078, ""brightness_balance"": 66.86227416992188, ""aesthetic"": 66.8997366043299}}"
1772959238,20260308-003925,68fed1e794,71.307,100.0,79.915,60.229,"{""fajr"": ""/home/openclaw-agent/.openclaw/workspace/autoresearch-agot/screenshots/1772959165_20260308-003925_fajr_68fed1e794.png"", ""dhuhr"": ""/home/openclaw-agent/.openclaw/workspace/autoresearch-agot/screenshots/1772959183_20260308-003925_dhuhr_68fed1e794.png"", ""maghrib"": ""/home/openclaw-agent/.openclaw/workspace/autoresearch-agot/screenshots/1772959202_20260308-003925_maghrib_68fed1e794.png"", ""isha"": ""/home/openclaw-agent/.openclaw/workspace/autoresearch-agot/screenshots/1772959220_20260308-003925_isha_68fed1e794.png""}","{""fajr"": {""fps"": 60.162871862101134, ""color_richness"": 86.32181015687645, ""contrast"": 33.46809005737305, ""prismatic"": 100.0, ""edge_luminance"": 40.837974548339844, ""brightness_balance"": 96.01374053955078, ""aesthetic"": 73.80182973314689}, ""dhuhr"": {""fps"": 60.208901603591826, ""color_richness"": 76.56924067581411, ""contrast"": 52.96076965332031, ""prismatic"": 100.0, ""edge_luminance"": 38.449703216552734, ""brightness_balance"": 95.67793273925781, ""aesthetic"": 74.85361195764123}, ""maghrib"": {""fps"": 60.26503296216395, ""color_richness"": 80.55980582747515, ""contrast"": 26.760610580444336, ""prismatic"": 100.0, ""edge_luminance"": 34.7855110168457, ""brightness_balance"": 93.16708374023438, ""aesthetic"": 69.6849638713242}, ""isha"": {""fps"": 60.2790821596292, ""color_richness"": 81.57914879893397, ""contrast"": 41.40261459350586, ""prismatic"": 100.0, ""edge_luminance"": 21.497114181518555, ""brightness_balance"": 66.59028625488281, ""aesthetic"": 66.88842103624128}}"
1772959314,20260308-004041,03caf6cace,71.332,100.0,79.932,60.145,"{""fajr"": ""/home/openclaw-agent/.openclaw/workspace/autoresearch-agot/screenshots/1772959241_20260308-004041_fajr_03caf6cace.png"", ""dhuhr"": ""/home/openclaw-agent/.openclaw/workspace/autoresearch-agot/screenshots/1772959259_20260308-004041_dhuhr_03caf6cace.png"", ""maghrib"": ""/home/openclaw-agent/.openclaw/workspace/autoresearch-agot/screenshots/1772959278_20260308-004041_maghrib_03caf6cace.png"", ""isha"": ""/home/openclaw-agent/.openclaw/workspace/autoresearch-agot/screenshots/1772959296_20260308-004041_isha_03caf6cace.png""}","{""fajr"": {""fps"": 60.16887175007165, ""color_richness"": 86.43320012314508, ""contrast"": 33.511470794677734, ""prismatic"": 100.0, ""edge_luminance"": 40.65719985961914, ""brightness_balance"": 96.04032897949219, ""aesthetic"": 73.81522533353018}, ""dhuhr"": {""fps"": 60.05707080714317, ""color_richness"": 78.20295109667124, ""contrast"": 52.39705276489258, ""prismatic"": 100.0, ""edge_luminance"": 38.34417724609375, ""brightness_balance"": 95.73793029785156, ""aesthetic"": 75.1424655673845}, ""maghrib"": {""fps"": 60.24898475467677, ""color_richness"": 80.58211742488864, ""contrast"": 27.020437240600586, ""prismatic"": 100.0, ""edge_luminance"": 34.611854553222656, ""brightness_balance"": 93.3855209350586, ""aesthetic"": 69.74922291598797}, ""isha"": {""fps"": 60.10693056178947, ""color_richness"": 81.00108046645316, ""contrast"": 40.91888427734375, ""prismatic"": 100.0, ""edge_luminance"": 21.353174209594727, ""brightness_balance"": 66.56353759765625, ""aesthetic"": 66.62155349879065}}"
1772959390,20260308-004157,40c9633bae,71.36,100.0,79.952,60.144,"{""fajr"": ""/home/openclaw-agent/.openclaw/workspace/autoresearch-agot/screenshots/1772959317_20260308-004157_fajr_40c9633bae.png"", ""dhuhr"": ""/home/openclaw-agent/.openclaw/workspace/autoresearch-agot/screenshots/1772959335_20260308-004157_dhuhr_40c9633bae.png"", ""maghrib"": ""/home/openclaw-agent/.openclaw/workspace/autoresearch-agot/screenshots/1772959353_20260308-004157_maghrib_40c9633bae.png"", ""isha"": ""/home/openclaw-agent/.openclaw/workspace/autoresearch-agot/screenshots/1772959372_20260308-004157_isha_40c9633bae.png""}","{""fajr"": {""fps"": 60.22893650957145, ""color_richness"": 86.37257622386176, ""contrast"": 33.74039077758789, ""prismatic"": 100.0, ""edge_luminance"": 40.42384719848633, ""brightness_balance"": 95.91275024414062, ""aesthetic"": 73.79171241498281}, ""dhuhr"": {""fps"": 60.1109229190107, ""color_richness"": 77.55468753843024, ""contrast"": 53.07869338989258, ""prismatic"": 100.0, ""edge_luminance"": 37.953983306884766, ""brightness_balance"": 95.56428527832031, ""aesthetic"": 75.03215252823759}, ""maghrib"": {""fps"": 60.07501078718713, ""color_richness"": 80.77064654783737, ""contrast"": 27.265077590942383, ""prismatic"": 100.0, ""edge_luminance"": 34.295745849609375, ""brightness_balance"": 93.24799346923828, ""aesthetic"": 69.77723924208763}, ""isha"": {""fps"": 60.16087216645619, ""color_richness"": 81.65844961232833, ""contrast"": 41.27471160888672, ""prismatic"": 100.0, ""edge_luminance"": 21.254718780517578, ""brightness_balance"": 66.52774810791016, ""aesthetic"": 66.83692481176776}}"
1772959466,20260308-004312,f0152756d5,66.91,100.0,76.837,60.204,"{""fajr"": ""/home/openclaw-agent/.openclaw/workspace/autoresearch-agot/screenshots/1772959392_20260308-004312_fajr_f0152756d5.png"", ""dhuhr"": ""/home/openclaw-agent/.openclaw/workspace/autoresearch-agot/screenshots/1772959411_20260308-004312_dhuhr_f0152756d5.png"", ""maghrib"": ""/home/openclaw-agent/.openclaw/workspace/autoresearch-agot/screenshots/1772959429_20260308-004312_maghrib_f0152756d5.png"", ""isha"": ""/home/openclaw-agent/.openclaw/workspace/autoresearch-agot/screenshots/1772959448_20260308-004312_isha_f0152756d5.png""}","{""fajr"": {""fps"": 60.28912131127797, ""color_richness"": 86.39176568615979, ""contrast"": 33.31166076660156, ""prismatic"": 100.0, ""edge_luminance"": 41.05951690673828, ""brightness_balance"": 96.46109771728516, ""aesthetic"": 73.88836761620776}, ""dhuhr"": {""fps"": 60.144879378187326, ""color_richness"": 77.80516221213294, ""contrast"": 52.83919143676758, ""prismatic"": 100.0, ""edge_luminance"": 38.878753662109375, ""brightness_balance"": 96.08706665039062, ""aesthetic"": 75.26400219422567}, ""maghrib"": {""fps"": 60.317248733191775, ""color_richness"": 77.11275104330151, ""contrast"": 31.01624870300293, ""prismatic"": 100.0, ""edge_luminance"": 17.761165618896484, ""brightness_balance"": 59.937686920166016, ""aesthetic"": 62.136265346522556}, ""isha"": {""fps"": 60.06304961080071, ""color_richness"": 64.08183426511253, ""contrast"": 32.14305114746094, ""prismatic"": 100.0, ""edge_luminance"": 13.57785415649414, ""brightness_balance"": 45.76525115966797, ""aesthetic"": 56.35053497019402}}"
